{"hi_power_turbines": 1.447809905251006, "mid_power_turbines": 36.5150001627793, "low_power_turbines": 95.32617318165231, "solar_panel_area_sqm": 250.7951755851044, "storage_capacity_kWh": 0.0}