{"hi_power_turbines": 0.007262190759888654, "mid_power_turbines": 56.62931115273485, "low_power_turbines": 25.35466884222962, "solar_panel_area_sqm": 232.8403680870567, "storage_capacity_kWh": 0.0}