{"hi_power_turbines": 0.1188446095634923, "mid_power_turbines": 36.51789227809164, "low_power_turbines": 70.93481860764575, "solar_panel_area_sqm": 243.77977971286998, "storage_capacity_kWh": 0.0}