{"Number of hi power turbines": 1, "Number of mid power turbines": 0, "Number of low power turbines": 6, "Area of solar panels (sqm)": 661.8089938234706, "Storage capacity (kWh)": 426.4136990694976, "Total cost (EUR)": 1038259.6264023168}