{"Number of hi power turbines": 1, "Number of mid power turbines": 0, "Number of low power turbines": 17, "Area of solar panels (sqm)": 396.5912406090855, "Storage capacity (kWh)": 389.46816096562094, "Total cost (EUR)": 850945.3470464835}