{"Number of hi power turbines": 2, "Number of mid power turbines": 0, "Number of low power turbines": 5, "Area of solar panels (sqm)": 408.5678261442257, "Storage capacity (kWh)": 505.70895190519076, "Total cost (EUR)": 817241.4332493305}