{"Number of hi power turbines": 3, "Number of mid power turbines": 5, "Number of low power turbines": 63, "Area of solar panels (sqm)": 433.202260374097, "Storage capacity (kWh)": 109.4349884282902, "Total cost (EUR)": 1287697.3248039647}