{"Number of hi power turbines": 6, "Number of mid power turbines": 5, "Number of low power turbines": 33, "Area of solar panels (sqm)": 310.1803942126694, "Storage capacity (kWh)": 98.04332760545954, "Total cost (EUR)": 1188042.3314607947}