{"Number of hi power turbines": 7, "Number of mid power turbines": 0, "Number of low power turbines": 28, "Area of solar panels (sqm)": 368.1530998724432, "Storage capacity (kWh)": 188.33637445920667, "Total cost (EUR)": 1194567.2082575187}