{"Number of hi power turbines": 8, "Number of mid power turbines": 0, "Number of low power turbines": 2, "Area of solar panels (sqm)": 425.9685357691535, "Storage capacity (kWh)": 162.96538769910143, "Total cost (EUR)": 1082002.9406000753}