{"Number of hi power turbines": 4, "Number of mid power turbines": 7, "Number of low power turbines": 14, "Area of solar panels (sqm)": 496.8026139497318, "Storage capacity (kWh)": 228.61204269082464, "Total cost (EUR)": 1319570.4300506876}