{"Number of hi power turbines": 7, "Number of mid power turbines": 0, "Number of low power turbines": 1, "Area of solar panels (sqm)": 575.7298842523821, "Storage capacity (kWh)": 275.20873921317826, "Total cost (EUR)": 1257915.3339686762}