{"Number of hi power turbines": 3, "Number of mid power turbines": 1, "Number of low power turbines": 39, "Area of solar panels (sqm)": 481.1674127442954, "Storage capacity (kWh)": 197.05976687978068, "Total cost (EUR)": 1221462.3163207555}