{"Number of hi power turbines": 7, "Number of mid power turbines": 0, "Number of low power turbines": 0, "Area of solar panels (sqm)": 489.10146092249585, "Storage capacity (kWh)": 200.28282169404758, "Total cost (EUR)": 1173108.5137788488}