{"Number of hi power turbines": 2, "Number of mid power turbines": 1, "Number of low power turbines": 38, "Area of solar panels (sqm)": 598.0848004079306, "Storage capacity (kWh)": 348.13279576038667, "Total cost (EUR)": 1138970.1436072818}