{"Number of hi power turbines": 7, "Number of mid power turbines": 0, "Number of low power turbines": 7, "Area of solar panels (sqm)": 661.919678822171, "Storage capacity (kWh)": 328.48895043448925, "Total cost (EUR)": 1345681.4514667103}