{"Number of hi power turbines": 1, "Number of mid power turbines": 8, "Number of low power turbines": 23, "Area of solar panels (sqm)": 692.9304105203173, "Storage capacity (kWh)": 350.125043563798, "Total cost (EUR)": 1421966.6698850193}