{"Number of hi power turbines": 11, "Number of mid power turbines": 0, "Number of low power turbines": 4, "Area of solar panels (sqm)": 822.7097738525775, "Storage capacity (kWh)": 651.7801819208627, "Total cost (EUR)": 1948103.3140494851}