{"Number of hi power turbines": 7, "Number of mid power turbines": 0, "Number of low power turbines": 0, "Area of solar panels (sqm)": 247.30564810266193, "Storage capacity (kWh)": 1.5302156774219067, "Total cost (EUR)": 932821.0131001103}