{"Number of hi power turbines": 5, "Number of mid power turbines": 0, "Number of low power turbines": 8, "Area of solar panels (sqm)": 331.9782050516289, "Storage capacity (kWh)": 9.280180580668489, "Total cost (EUR)": 1075198.2674562363}