{"Number of hi power turbines": 7, "Number of mid power turbines": 0, "Number of low power turbines": 1, "Area of solar panels (sqm)": 295.67263409700627, "Storage capacity (kWh)": 2.108966806981507, "Total cost (EUR)": 1040441.5420928565}