{"Number of hi power turbines": 7, "Number of mid power turbines": 0, "Number of low power turbines": 0, "Area of solar panels (sqm)": 298.51366444163705, "Storage capacity (kWh)": 2.4204953468246315, "Total cost (EUR)": 1040255.0040963881}