{"Number of hi power turbines": 9, "Number of mid power turbines": 0, "Number of low power turbines": 0, "Area of solar panels (sqm)": 316.5157000938161, "Storage capacity (kWh)": 23.302760221683954, "Total cost (EUR)": 1059456.5134152123}