{"Number of hi power turbines": 9, "Number of mid power turbines": 9, "Number of low power turbines": 0, "Area of solar panels (sqm)": 250.71144007065956, "Storage capacity (kWh)": 3.0098945245401496, "Total cost (EUR)": 1143330.5000709428}