{"Number of hi power turbines": 7, "Number of mid power turbines": 0, "Number of low power turbines": 0, "Area of solar panels (sqm)": 247.83047046589212, "Storage capacity (kWh)": 7.7029013131687725, "Total cost (EUR)": 932264.4967314531}