{"Number of hi power turbines": 9, "Number of mid power turbines": 0, "Number of low power turbines": 0, "Area of solar panels (sqm)": 313.8753494378043, "Storage capacity (kWh)": 6.269482514589905, "Total cost (EUR)": 1170124.1171162988}